Name,Username,Password
Admin,Admin,dltT!&25DH4Mi7zai0Ms!4@ID0%kTTqJ6!2
Trey Humphrey,THumphrey,blink182
Roxanne Bone,RBone,abc123
Anthony Breckinridge,ABreckinridge,natasha
Ellery Ness,ENess,isadateofbirthabadpassword
Dex Rivers,DRivers,69696969
Cora Mercer,CMercer,letmein
Jeffery Bobson,JBobson,googleplex
Andrew Robson,ARobson,hotstuff
Freeman Payne,FPayne,12345
Gwenda Boon,GBoon,kawasaki
Jacki Wade,JWade,qwerty
Rolf Brown,RBrown,2021password
Murphy Tatham,MTatham,november
Misty Christophers,MChristophers,MistyChristophers
Dolph Haywood,DHaywood,whyisthenwordonthelistofmostcommonpasswords
Larry Bennett,LBennett,wwjd
Amy Nicholson,ANicholson,snickers
Marlene Witherspoon,MWitherspoon,bobafett
Melissa Howard,MHoward,passw0rd
…,,
