Name,Username,Password hash
Admin,Admin,a34118b77117dcc2802687f3c6821860
Trey Humphrey,THumphrey,6c0567e43179049e9a5cfe37575ca2fe
Roxanne Bone,RBone,8e564cd43fdf10f4de832abb23f04e71
Anthony Breckinridge,ABreckinridge,1dfc56095708cc315a6a63aa6a1b92c2
Ellery Ness,ENess,53e90174d8e629fc1d89107cd75483fa
Dex Rivers,DRivers,0d66c26ec1ffed11f712fd8b8384588e
Cora Mercer,CMercer,0ff057bacdac00ee29b8e94ab623bfd3
Jeffery Bobson,JBobson,f9355922b84d6917be7aa41516efc25b
Andrew Robson,ARobson,254a4ac6d43b74895e613e3ce30e2a16
Freeman Payne,FPayne,5f4dcc3b5aa765d61d8327deb882cf99
Gwenda Boon,GBoon,d823fc675e4b7311ed8303328011a639
Jacki Wade,JWade,d437640f08c1804d49af03cf8ebc18bb
Rolf Brown,RBrown,16ba79700d5008d026aa84ac4919bebc 
Murphy Tatham,MTatham,e60b2d54a0d12e636464a6dbf0daf0b9
Misty Christophers,MChristophers,de5c06f41de5ee7215377911adee7779
Dolph Haywood,DHaywood,76ec7064e6590be6f439fbd3b2b6507b
Larry Bennett,LBennett,37aced03a5d770aeabc5799ffd0747d4
Amy Nicholson,ANicholson,2e9190ca52ad5fcdc8e8cd1fd75be272
Marlene Witherspoon,MWitherspoon,c82953fe74b8c7d86ac3a95ea742faab
Melissa Howard,MHoward,49eb58ff5c2b358f453e5cf472f71261
…,,
